<bl@dci.dk>
Achton
agagagaga <agagagaga@hotmail.com>
Alexandra Steffensen
Allan
Allan Andersen <swoop-dk@altavista.net>
Allan B. Christensen <abc@dk2net.dk>
Allan Frederiksen <allan@kom.auc.dk>
Allan Hansen <all@nhansen.dk>
Allan Høiberg <allanh@post1.tele.dk>
Allan Jensen <aj@svendts.dk>
Allan Olsen <mail@alano.dk>
Anders
Anders <anielsen@diku.dk>
Anders Bo Rasmussen <fuzz@fuzz.dk>
Anders Brander
Anders Drejer Nygaard <dnygaard@post.tele.dk>
Anders Feder
Anders Gnistrup <agn@city.dk>
Anders Højen <engah@hum.au.dk>
Anders Ivarsen
Anders Jorsal <anders@jorsal.dk>
Anders K. Pedersen <akp@akp.dk>
Anders Lund <anders@alweb.dk>
Anders Lund <linux@psykopat.dk>
Anders Lund Olsen <alo@post9.tele.dk>
Anders Madse <madsen@ccs.ki.ku.dk>
Anders Madsen <madsen@ccs.ki.ku.dk>
Anders Melchiorsen <anders@kalibalik.dk>
Anders Nielsen <anielsen@diku.dk>
Anders Nielsen <mr4lg0@worldonline.dk>
Anders Steen Rasmussen
Andreas
Andreas Bach Aaen
Andreas Bach Aaen <abach@stofanet.dk>
Andreas Lind Petersen <andreas@lind.petersen.nu>
Anna Amandsen <a@superbruger.dk>
Anna Ammundsen <a@ingenioer.dk>
Anna Armannsdottir <a@ingenioer.dk>
Anne Grethe Olsen <ago@geac.dk>
Anne Kosack Madsen <annekosack@email.dk>
Anne Leopold
anne sophie <annesophie50@hotmail.com>
Anton Stonor <stonor@giraffen.dk>
Arne Hegested <arne@hegested.dk>
Arne Jørgensen <arne@daimi.au.dk>
Arne Jørgensen <arne_joergensen@mailme,dk>
Arne Jørgensen <arne_joergensen@mailme.dk>
Asbjørn Clemmensen
Asbjørn Zweidorff Kjær <bunjiboys@hotmail.com>
Asbjørn Zweidorff Kjær <bunjiboys@linux.eucsyd.dk>
Asger Bredgaard <asbr@image.dk>
Ask Kæreby <ask@postmark.net>
Axel Stemark <ax@stemark.dk>
B Nyrup <benja@nyrup.org>
Beaufour
Benjamin Quorning <bquorning@hotmail.com>
Benny B. Thomsen <thomsen@benny.dk>
bent
Bent CC Hansen <bibent@city.dk>
Bent Valerius <bv@uni-c.dk>
Birger
Birger <birger.langkjer@image.dk>
Birger L
Birger Langkjer <birger.langkjer@image.dk>
Birger Langkjer <bl@dci.dk>
Birger Langkjer <webmaster@dci.dk>
Birger Nielsen <bnielsen@daimi.au.dk>
Birgit Kamara
Birgit Kamara <birkam@danbbs.dk>
Bjarne Jensen <baaj@mailme.dk>
Bjarne Winther <winther@e-privat.dk>
Björn <nilsson@nbi.dk>
Bo Bichel Nørbæk
Bo Eriksen <bonummerto@12move.dk>
Bo Klausen <bklausen@sca.csc.com>
Bo Klausen <bo.klausen@sol.dk>
Bo Pedersen <bop@cst.ku.dk>
Brian
Brian Hub <hub@realize.dk>
Brian Josefsen <bj@struer.net>
Brian Lindberg <Lindberg@person.dk>
buck <buck@ehj.dk>
Byrial Jensen <byrial@image.dk>
Børge Olsen <bool@get2net.dk>
C. Egmose
C. Egmose <c@egmose.dk>
Carsten A. Skjøth
Carsten Ehrenreich <ce@maerskdata.dk>
Carsten R. Hess
Casper Møller
Casper Strømfeldt <cst@who.dk>
chlor
christian
Christian Anthon <anthon@kiku.dk>
Christian Bjørnbak
christian bruun
Christian Dalager <christian@dalager.com>
Christian Diget <diget@ifa.au.dk>
Christian Dølpher <dolpher@worldonline.dk>
Christian Flintrup <christianflintrup@mail.com>
Christian G. Jacobsen
CHristian Jul Jensen <julle@diku.dk>
Christian Junker <christian@junker.com>
Christian Junker <csj@internetgruppen.dk>
Christian Jørgensen <mail@phpguru.dk>
Christian K
Christian Kryger
Christian Martin Jäger
Christian Martin Jäger <cchr.m.jager@teliamail.dk>
Christian Mikkelsen <cmik@fys.ku.dk>
Christian Poll <cpoll@get2net.dk>
Christian S. Junker <christian@junker.com>
Christian S. Junker <csj@internetgruppen.dk>
Christian Schmidt <christian@ostenfeld.dk>
Christian Skøtt Junker <christian@junker.com>
Christian Storgaard <cybolic@goth.net>
Claus
Claus Christensen <cc@cs.aau.dk>
Claus Ekstroem
Claus Ekstroem <claus@ekstroem.dk>
Claus Ekstrøm
Claus Hindsgaul <claus_h@image.dk>
Claus Holm Christensen <claushc@bitnisse.dk>
Claus Jensen <cjn@cjn.dk>
Claus L. Wilson <vfk@wanadoo.dk>
Claus Madsen <clamad@hotmail.com>
Claus Rasmussen <clausmr@vip.cybecity.dk>
Claus Rasmussen <clausmr@vip.cybercity.dk>
Claus Svalekjaer <claus.svalekjaer@cgsdata.com>
Claus Sørensen <cs@plomus.dk>
Claus Tøndering <claus@tondering.dk>
dan
Dan <dan@hemsoe.dk>
Dan Rasmussen <dan@hemsoe.dk>
Dan Slot Hemsø Rasmussen <dan@hemsoe.dk>
Daniel Henriksen <dsh@vip.cybercity.dk>
Daniel Lundt Mersebak <merz.com@get2net.dk>
Dansk System Industri
david
david helgason <dhns@uti.is>
David Kristensen <dk@unf.dk>
David List
David Simonsen <david@studentergaarden.dk>
Deacon
den onde ord gejler
Dennis <djengis@iname.com>
Dennis H
Dennis Kjær Jensen <mig@signout.dk>
Dennis Petersen <fessor@software.dk>
Didi Rump <didijohn@magma.ca>
DocRyan
DocRyan <docryan@tmd.dk>
Donald Axel <donald_j_axel@get2net.dk>
Eik Kristensen <eik@math.ku.dk>
Ejvind Nørgaard <ejvindn@stofanet.dk>
ekberg
elias
Emil Zeuthen <emil_zeuthen@hotmail.com>
En Person
Erik Corry <erik@arbat.com>
Erik Ebert <erik.ebert@doek.dk>
Erik K. Pedersen <erik@bgm-24-95-144-193.stny.rr.com>
Erik K. Pedersen <erik@binghamton.edu>
Erik Splittorff <split@kryds.dk>
Erling
Erlo Haugen <erlo@image.dk>
Esben Jensen <esben_j@hotmail.com>
Evanthore Vestergaard <etv@dr.dk>
Excalibur
F. Simonsen
Finn
Finn Andersen <finn@linuxfan.com>
Finn Andersen <finn_andersen@mobilixnet.dk>
Finn Hansen
Finn Hansen <villalulla@mail.tele.dk>
Flemming
Flemming Bjerke <flemming@bjerke.dk>
Flemming Hoffmeyer <Flemming@linuxplanet.nu>
Flemming Kjær Jensen
Flemming Kjær Jensen <fkj@kom.auc.dk>
Flemming Ledet
Flemming Mahler Larsen <mahler@DK.net>
Flemming Meier <fme@ufv.dk>
Flemming Simonsen
Frank Bille Jensen <billen@frank-bille.dk>
Frank Bille Jensen <billen@sol.dk>
Frank Damgaard <frank@sslug.dk>
Frank Frederiksen <frank.frederiksen@klarupnet.dk>
Frank Hansen <frank-hansen@image.dk>
Frank M.G. Jørgensen <gajda@iname.dk>
Frans Jensen <koldby1@bigfoot.com>
Frederik Dannemare <frederik@dannemare.dk>
Fridolin Okkels <okkels@nbi.dk>
Garlic
Garlic <larsb@aloc.dk>
Gitte Wange <gitte@wange.dk>
Gitte Wange <gittewj@hhknet.dk>
Gregers H. Hansen <ghh@aub.dk>
Guan Yang <guan@unicast.org>
Gunner
Gunner <gp@lyngbjerggaardskolen.dk>
Gunner Poulsen <gp@lyngbjerggaardskolen.dk>
Gustav Kristoffer Ek <stoffer@ek.dk>
Hammer
Hans j Micheelsen <hans.micheelsen@mail1.stofanet.dk>
Hans Jørgensen <despina@worldonline.dk>
Hans Odborg
Hans Odborg <h2o@mail.dk>
Hans Osborg <h2o@sol.dk>
Hans Schou <chlor@schou.dk>
Hans-Henrik T. Ohlsen <ht@ohlsen.dk>
Hans-Ole Larsen
Hans-Ole Larsen <holit@mailserver.dk>
Heine Larsen <heine@math-tech.dk>
Heini av Skarði
Henning Hansen
Henning Hansen <hoph@bigfoot.com>
Henning Hansen <hoph@hotmail.com>
Henning Hansen <hoph@post3.tele.dk>
Henning Makholm <henning@makholm.net>
Henning Niss
Henning Niss <hniss@diku.dk>
Henning Schou <hs@tag-gym.dk>
Henriette Jensenius <jenseniu@nbi.dk>
Henrik
Henrik Bjerregaaard Pedersen
Henrik BP
Henrik Bulskov <bulskov@ruc.dk>
Henrik Christian Grove <grove.dk>
Henrik Christian Grove <grove@sslug.dk>
Henrik Christian Grove <grove@Use of uninitialized value in string eq at /home/grove/dte.pl line 209, <> line 123.
Henrik Fjorback
Henrik Fjorback <fjorback@multi-support.dk>
Henrik Fjorback <fjorback@users.multi-support.dk>
Henrik Johansen <henrik@isaq.dk>
Henrik Larsen <helarsen@post2.tele.dk>
Henrik Larsen <vemmedrup@hotmail.com>
Henrik Lebtien Mohr <d960850@student.dtu.dk>
Henrik Lerfeldt
henrik møller jørgensen <henrikmj@forum.dk>
Henrik Pedersen
Henrik Poulsen <hsp@email.dk>
Henrik Ræder Clausen <henrik@fangorn.dk>
Henrik Størner
Henrik V. Larsen <vemmedrup@hotmail.com>
Henrik Vinther <hvinther@mail.dk>
Henrik Vinther <hvinther@worldonline.dk>
henrikmj
Hrafnkell F Hlöðversson <keli@shebang.dk>
hristian Mikkelsen <cmik@fys.ku.dk>
Hroi Sigurdsson
HVL <vemmedrup@hotmail.com>
Ina Slott <ies@get2net.dk>
isak lyberth <isakl@get2net.dk>
isj@image.dk
Ivan S. J.
Ivan Toft <ivantoft@post.tele.dk>
Ivar Madsen
Ivar Madsen <sim@milli.dk>
J Pedersen
J Pedersen <jais@dvdoo.dk>
Jacob Kjeldahl <jacob@kjeldahl.dk>
Jacob Nordfalk <nordfalk@mobilixnet.dk>
Jacob Schultz
Jacob Schultz <jacob@schertz.dk>
Jacob Sparre Andersen <sparre@crs4.it>
Jacob Sparre Andersen <sparre@nbi.dk>
Jacob Sparre Andersens ordklassegenkender <sparre@nbi.dk>
Jacob Thamsborg <thams@egmont-kol.dk>
Jacob Volstrup <volstrup@avanceret.dk>
Jakob Grove-Rasmussen <jgr@jean-paul>
Jakob Schiøtz <schiotz@fysik.dtu.dk>
Jakob Vesterlund <jape99ah@student.cbs.dk>
Jan
Jan Eggert Kofoed <jan.kofoed@person.dk>
Jan Laursen
Jan Nielsen
Jan Normann Nielsen
Jan Rasmussen <jan@jiffy.dk>
Jane Nielsen <jtn@krag.org>
Jann Ole Karlsen <eebiole@koegekom.dk>
Janus Sandsgaard <janus@janus.dk>
Jens
Jens <cis3018a@post.cybercity.dk>
Jens Alstup Hansen <pbk903@pbk.dk>
Jens bacher
Jens Fjeldal <jf@nesthood.dk>
Jens Gyldenkærne Clausen <jc@dmf.dk>
Jens Lykke Brandt
Jens Lykke Brandt <jlb@ruc.dk>
Jens P Andersen <jepean@bigfoot.com>
Jens Peder Andersen
Jens Peder Andersen <jepean@bigfoot.com>
Jens Peter Vilstrup <i.am@yonzie.dk>
Jeppe Bundgaard <jeppe@livsnyder-inc.dk>
Jeppe Eg <eg@oek.dk>
Jes Monrad Pedersen
Jesper
Jesper Andersen <opensource@skydiver.dk>
Jesper Borg <borg@nbi.dk>
Jesper Brodersen <broeman@bma.kollegie6400.dk>
Jesper Harder <harder@ifa.au.dk>
Jesper Hein Olsen <elsdyr@post.tele.dk>
Jesper Juul <m@soup.dk>
Jesper Kjær <jkj@it.dk>
Jesper Krogh
Jesper Krogh <jesper@krogh.cc>
Jesper Laisen <post@laisen.dk>
Jesper Leth <leth@apexmail.com>
Jesper Louis Andersen <jlouis@jlouis.dk>
Jesper Lund <ballbreaker@linux.eucsyd.dk>
Jesper Marcussen <jesper.marcussen@dk.pwcglobal.com>
Jesper Meyer <jrm@stofanet.dk>
jesper mortensen
Jesper Mønsted <jesper@monsted.com>
Jesper Skov <jskov@redhat.com>
Jesper Skovhus Thomsen <jesper@jst.ana.au.dk>
Jesper Søndergård Pedersen <toogdyrre@hotmail.com>
Jesper Søndergård Pedersen <toogfyrre@hotmail.com>
Jesper Søndergård Pedersen <toogryrrehotmail.com>
Jesper Tholl <Jesper.Tholl@post3.tele.dk>
Jesper Tholl <jesper.tholl@teliamail.dk>
jesper@krogh.cc
Jette Juul <jettejuul@privat.dk>
Jette Lyon <jettejuul@privat.dk>
Jette Lyon <jettelyon@mail.dk>
Jette Randløv <randlov@nbi.dk>
Jimmy Selgen <scizo@stampede.org>
JJ
Joakim Reck <joakim@reck.dk>
johan wich <islev@solidcore.dk>
Johan Wich <s001963@student.dtu.dk>
Johan Wich <wich@worldonline.dk>
John
John <ekberg@image.dk>
John Molholt <jm@dsdi.dk>
John Tøndering <johtnd@cphling.dk>
Johnny Nielsen <jni@dksin.dk>
Jon Loldrup <jonlol@worldonline.dk>
Jonas B. Nielsen <jonasbn@wanadoo.dk>
Jonas Christensen <microshaft@forum.dk>
Jonas Engelhardt <engelhardt@12mail.dk>
Jonas Häggqivst <jfh@adr.dk>
Jonas Häggqvist <jfh@adr.dk>
Jonas Jalling <jonas@jalling.dk>
Jonas Jensen <bones0@rapanden.dk>
Jonas Pedersen
Jonas Pedersen <Jonasped@person.dk>
jonas sølvhøj
jpa
Jørg Asmussen <ja@dsl.dk>
Jørgen <jqj@endjin.com>
Jørgen Nielsen <barzog@it.dk>
Jørgen Nielsen <jn@ithouse.dk>
Jørgen Nielsen <jniels@12mail.dk>
jørgen pedersen
Jørgen Ramskov <jramskov@worldonline.dk>
Jørgen Thomsen <joergen@linux.jth.net>
Jørgen Østergaard Jørgensen <jqj@endjin.com>
Jørn Pejdal <jpsslug@hotmail.com>
Kaare <medlem@post.tele.dk>
Kai Birger Nielsen <bnielsen.au.dk>
Karsten
Karsten Pedersen <designer@denmark.com>
Karsten Pedersen <Designer@mail1.stofanet.dk>
Karsten Pedersen <karstenp@visto.com>
Karsten Poulsen
Karsten Thygesen <karthy@sunsite.auc.dk>
Kasper
Kasper B. Graversen <kasper@herosdesign.dk>
Kasper Holtze
Kasper Holtze <kasper@holtze.dk>
Kasper Mogensen <kasmog@sol.dk>
Kasper Mogensen <kasper.mogensen@uni-c.dk>
Kasper Nielsen
Kasper Weibel
katja
kbh
Keld Bjerregaard <keld@grafisk.dk>
Keld Jørn Simonsen <keld@dkuug.dk>
Keller <killer@vip.cybercity.dk>
Kenneth <kaj@itu.dk>
kenneth <kenneth@ripen.dk>
Kenneth Christiansen <kenneth@gnu.org>
Kenneth Christiansen <kenneth@ripen.dk>
Kenneth Geisshirt <kneth@sslug.dk>
Kenneth Hansen <bekgaard@hotmail.com>
Kenneth Reinhardt
Kenneth Østerballe <k_osterballe@vip.cybercity.dk>
Kennie
Kennie <kennie_nm@yahoo.dk>
kevin <kij@linuxpower.dk>
Kevin Steffer <ks@ready.dk>
Kim <kc@intermedia.dk>
Kim Erik Jensen <kimjensen@private.dk>
Kim Futtrup Petersen <wintersilence@linuxfreemail.com>
Kim Guldberg <kim.guldberg@iname.com>
Kim Isdal Knudsen <kim@isdal.dk>
kim Schulz <kim@sslug.dk>
Kirsten Grønning Sørensen <ping@peterogping.dk>
Klaus Alexander Seistrup <klaus@seistrup.dk>
Klaus Hagen <klaus_hagen@hotmail.com>
Klaus Hansen <linux@sconk.dk>
klaus kaan <kaan@mail.dk>
kristian
kristian <kristian@sslug.dk>
Kristian Hougaard <kristian@tk.k-net.dk>
Kristian Nielsen
Kristian Risager Larsen <KeZZe@KeZZe.dk>
Kristian Stoevring Soerensen <kstovring@mail1.stofanet.dk>
Kristian Truelsen <kristian@truelsen.org>
kristian vilmann
Kristine Skøtt-Jensen <k@skott.net>
Kurt Munck <kurt.munck@faxehus.dk>
kutulu
Kåre Petersen
Lars
Lars Bech <larsbech@image.dk>
Lars Clausen <lrclause+ordliste@cs.uiuc.edu>
Lars Henrik Ørn <lhovio@post10.tele.dk>
Lars Hesdorf <lars.hesdorf@privat.dk>
Lars K. Schunk
Lars Kiærulf <lars_kiaerulf@get2net.dk>
Lars Kongshøj
Lars Kongshøj <kongshoj@diku.dk>
Lars Kragelund
Lars Lerager <lars@lerager.dk>
Lars Marqvart Jørgensen <marqvart@image.dk>
Lars Olesen <lars.olesen@image.dk>
Lars Overgaard Rasmussen <lars@linuxnet.dk>
Lars Poulsen <lars@cmc.com>
Lars Riis Olsen <lro@cs.auc.dk>
Lars Voxen Hanse <lvh@kampsax.dtu.dk>
Lars Voxen Hansen <lvh@mek.dtu.dk>
Lasse
Lasse B. Andersen <c938021@student.dtu.dk>
Lasse B. Andersen <lasse@smileyface.com>
Lasse Hansen
Lasse Leegaard
Lean Fuglsang <leanf@mailme.dk>
Leif G. Jensen <leif.glering.jensen@get2net.dk>
Leo Laursen <l.laursen@mail1.stofanet.dk>
Line
Line Wolff
Loke "Colde" Dupont
Louise_M <Hej_louise@hotmail.com>
Mads Hjorth <madsh@ruc.dk>
Mads S. Larsen <mads@greencard.dk>
Mads Wilson
Malene
Malik Linnet <superlinnet@hotmail.com>
Marc S. Jensen <mjensen@metronet.com>
Marianne Christensen <heksen@post.cybercity.dk>
Mark Jørgensen <markj@edb.dk>
Martin <geeko@get2net.dk>
martin <martin_hansen@mailme.dk>
Martin C
Martin Dahlem
Martin Dahlem <dahlem@mail.dk>
Martin Dalum <martin@webz.dk>
Martin Engelsmann
Martin Engelsmann <martin@engelsmann.dk>
Martin Geisler <gimpster@gimpster.com>
Martin Hans <mhans på kagsaa dk>
Martin Hans <mhans på kagsaa.dk>
Martin Hans <mhans@kagsaa.dk>
Martin Hvidberg <Martin@Hvidberg.net>
Martin Jakob Larsen <mjl@mjl.dk>
Martin Jeppesen <martin@itsupporter.dk>
Martin Jepsen Wehding <martin@zapf.dk>
Martin Larsen <mrl@dazzle.dk>
Martin Lohse <lohse@techno.dk>
Martin Møller <martin@liga.dk>
Martin Nielsen
Martin Olsen <geeko@get2net.dk>
Martin Rene' Pedersen <martin@FDF.dk>
Martin René Pedersen <martin@FDF.dk>
Martin Skøtt <mskott@image.dk>
Mathias Hollensen <panda@diku.dk>
Mathias Strandgaard <Mathias.Strandgaard@image.dk>
Matthias T. Kromann <mtk@id.cbs.dk>
maxm
Mette Hass Nielsen <hass@ruc.dk>
Michael Bach <mbach@mail.tele.dk>
Michael Frank <mm@mailme.dk>
Michael Jakobsen <michael@our.dk>
Michael Lykke
Michael Lykke <michael@webudvikler.dk>
Michael Lykke <mihael@webudvikler.dk>
Michael Nielsen
Michael Pilgaard <mipi@mail1.stofanet.dk>
Michael Redlich <michael@redlich.dk>
michael stæger <michael_staeger@hotmail.com>
Michael Vejs <info@netwebber.dk>
Michael Weidinger <michaelw@ifa.au.dk>
Michael Westergaard <mw@daimi.au.dk>
Michael Westergaard <u991875@daimi.au.dk>
Mikkel
Mikkel Kirkgaard Nielsen <mikkel@atheist.com>
Mikkel Munck Rasmussen <mikkelmr@diku.dk>
Mikkel Rasmussen <mnr@worldonline.dk>
Mikkel Rasmussen <mras@cphling.dk>
MN
MN Mortensen
Mnn
Mogens Svendsen
Morten
Morten 'Høyrup <hoyrup@ribekatedralskole.dk>
morten <mtl@dsr.kvl.dk>
Morten Andersen
Morten Bach Møller
Morten Bo Johansen <mojo@image.dk>
Morten Bo Johansen <mortenbo@vip.cybercity.dk>
Morten Frederiksen
Morten Hansen <morten@mortenft.dk>
Morten Hjorth Fæster <mfaester@worldonline.dk>
Morten Høyrup
Morten Høyrup <hoyrup@ribekatedralskole.dk>
Morten Kristiansen <mk.k@rescom.dk>
Morten Kristiansen <mk@rescom.dk>
Morten Kristiansen <_mk@rescom.dk>
Morten Krogh Andersen <morten@krogh.net>
Morten Langlo <mlanglo@post6.tele.dk>
Morten Nielsen
Morten Olsen <morten@pbk.dk>
Morten Olsen <schiodt@worldonline.dk>
Morten Pless
Morten Poulsen <oerris@mailandnews.com>
Morten Risager <morten@risager.nu>
Morten Sparre Andersen <mortensa@setur.fo>
Morten Wolf <wolf@diku.dk>
Morten Ørris Poulsen <oerris@mailandnews.com>
MP <pless@net.dialog.dk>
Nicolai Marck Ødum
Nicolas Dahlin <n_dahlin@hotmail.com>
Nicolas Guilbert <proj61@imm.dtu.dk>
Niels Andersen <niels@myplace.dk>
Niels Elgaard <elgaard@diku.dk>
Niels Erik K Rasmussen <niller@rudiment.dk>
Niels Kloster
Niels Kolloff
Niels Kolloff <kolloff@wanadoo.dk>
Niels Kongshøj
Niels Kristian Jensen
Niels Kristian Jensen <operator@traceroute.dk>
Niels Sandmann <sandmann@post4.tele.dk>
niels søndergaard <niels@algon.dk>
Niels Teglsbo <niels@fabel.dk>
Niels V. Jensen
Niels V. Jensen <nvj@fys.ku.dk>
Nikolaj <mr_nba@rapanden.dk>
Nikolaj Skov Hansen <nikolaj@indbakke.dk>
NKJensen
occulta
Ole Hansen <okh@post.cybercity.dk>
Ole Kofoed Hansen
Ole Kofoed Hansen <O.K.Hansen@vip.cybercity.dk>
Ole Kofoed Hansen <okh-linux@post.cybercity.dk>
Ole Kofoed Hansen <okh@post.cybercity.dk>
Ole Larsen <larseno@bigfoot.com>
Ole Laursen <olau@hardworking.dk>
Ole Laursen <ole_laursen@hardworking.dk>
Ole Michaelsen
Ole Simonsen <osimons@c2i.net>
Ole Tange
Ole Tange <ada@tange.dk>
Ole Tranbberg <ot@kampsax.k-net.dk>
Ole Tranberg <ot@kampsax.k-net.dk>
Oluf Nissen
Palle
Palle Arentoft <par@astonitgroup.com>
Palle Christensen <palle.christensen@tellabs.com>
Patrick Agergaard <pta68@yahoo.com>
Paul R. Metelmann
Paw Mullit <mullit@worldonline.dk>
Peder Borg Poulsen
Peder H. Reuther <peder@reuther.dk>
Peder Illum Hansen <pih@ddf.dk>
Per <per@prl.dk>
Per D. Jensen
Per D. Jensen <perd35@yahoo.com>
Per Jensen <pj@image.dk>
Peter Andreasen <pandr@pandr.dk>
Peter Brandt Nielsen <brandt@etklikherfra.dk>
Peter Eriksen <s022018@student.dtu.dk>
Peter Hansen <pih@oek.dk>
Peter Henriksen <repete@cyberdude.dk>
Peter K.
Peter Lund <firefly@netgroup.dk>
Peter Makholm <peter@makholm.net>
Peter Neubert
Peter Rude <phr@image.dk>
Peter Sestoft <sestoft@dina.kvl.dk>
Peter Skadhauge <prs@sitkom.sdu.dk>
Peter Skov Knudsen
Peter Skov Knudsen <psk@mindpass.com>
Peter Stubbe <pong@peterogping.dk>
Peter Ussing <peter.ussing@mail.tele.dk>
Peter Ussing <pussing@sca.csc.com>
peter@makholm.
Philip Bergen
Philip Heede <pah@surferdude.com>
Philip Heede <philip@heede.org>
Plip
Poul Anker Gensmann <ispell@pag.dk>
Poul Anker Gensmann <pa@gensmann.dk>
Poul F. Nielsen <mail@terrablast.com>
Poul Kristensen <bcc5226@vip.cybercity.dk>
Poul Voss-Knude <poul.v-k@teliamail.dk>
Preben Albrecht <preben@freelance-it.dk>
Preben Bohn <preben_bohn@yahoo.com>
preben sørensen <preben@enobe.com>
Ragnvald Larsen
Ralf Møller
Rasmus
Rasmus Berlin <firimar@lords.com>
Rasmus Brown Jensen <linux@bwana.dk>
Rasmus Jakobsen <rasmus9@email.com>
Rasmus Kjeldsen <rasmus@inleadmedia.dk>
Rasmus Ory Nielsen <rasmuson@biology.au.dk>
Rasmus Ory Nielsen <ron@ron.dk>
Rasmus Pedersen <Rasmus@Pedersen.dk>
Rasmus Pedersen <rasmus_pedersen@hotmail.com>
Rasmus Resen Amosse <resen@diku.dk>
Rasmus Svendsen <da_funky_bomb@yahoo.com>
Rasmus Windfeldt <get2ilet@get2net.dk>
René Seindal <rene@seindal.dk>
rik
Roar Hylleberg <roar@hylleberg.org>
Roar Hylleberg roar@hylleberg.org
Robert Jensen <robert@danweavers.com>
Ronny Jakobsen <jumper@email.dk>
Rumagent
Rune Broberg <mihtjel@worldonline.dk>
Rune Christensen <c991363@student.dtu.dk>
Rune Enggaard Jensen <ispell@enggaard-lausen.dk>
Rune Enggaard Jensen <r.e.jensen@worldonline.dk>
Rune Laursen
Rune Madsen
Rune Madsen <downey@artemis.dk>
Rune Morling <runem@molgaard.dk>
Rune Olsen <rbo@kampsax.dtu.dk>
Rune Rønde Laursen <runerl@linuxstart.com>
S.Toft
sams@nbi.dk
simbulu
Simon Hoff Kunze <simon@kunze.dk>
Simon Lodal <simonl@mirrormind.com>
Simon Mikkelsen <tryl@nospam.dk>
Simon Rigét <simon@image.dk>
Simon-Shlomo Poil <poil@get2net.>
Simon-Shlomo Poil <poil@get2net.dk>
SNG <sng@person.dk>
Soeren Sandmann <sandmann@daimi.au.dk>
Sonny
Stanley Gade <s.g@get2net.dk>
Steen <Steenh2000@yahoo.dk>
Steen Broelling <steen@broelling.dk>
Steen Bronée
Steen Bronée <bronee@get2net.dk>
Steen Christensen <Steen@worldonline.dk>
Steen Hansen <Steenh2000@yahoo.dk>
steen norby <norby@dybdeterapi.dk>
Steen Palm
Steen Rasmussen <steenmus@get2net.dk>
Steen Suder <CAB@Earthling.net>
Steen Varsted
Steen Varsted <sv@svsoft.dk>
Stefan Holm
Steffen Hansen
Steffen Hansen(Zervus)
Sten Roerholt <vircom@vircom.dk>
Stephen Wilson <wilson@mail.dk>
Stig Dall <sd@ing.dk>
Stine Hansen <kir@stine.dk>
Sune Mølgaard <sune@molgaard.org>
sune nygaard <dsune@linuxstart.com>
Sune Rastad Bahn <bahn@fysik.dtu.dk>
Sune Rasted Bahn
Sune Vuorela <dsdo@vuorela.dk>
Sunero
Sveinn
Sven Erik Morsing <morsing@post8.tele.dk>
svend
Svend <sha@post10.tele.dk>
Søren Aurehøj <soren_k_a@hotmail.com>
Søren Gellert <soeren.gellert@forum.dk>
Søren Gellert <soren.gellert@forum.dk>
Søren Haagerup <shaagerup@hotmail.com>
Søren Holm <soeren.holm@skolekom.dk>
Søren Hvidager <soren@oldskool.dk>
Søren Jacobsen
Søren Jacobsen <sej@it.edu>
Søren Jensen <sjacob@postkasse.net>
Søren Juul <sjuul@post11.tele.dk>
Søren Kongstad <Soren@kongstad.net>
Søren Sandmann <sandmann@daimi.au.dk>
Søren Schunk <schunk@email.dk>
Søren Thing Andersen <ispell@thing.dk>
Søren Thing Andersen <thing@control.auc.dk>
Søren Toft
tange
Thames <thames@get2net.dk>
Theis Hansen <dsdo@tph.dk>
Theis M. Mønsted <tmm@tmm.dk>
Theis Peter Hansen <theis@pbk.dk>
Theo <tt@organisator.dk>
Thomas
Thomas Buhl
Thomas Bøge
Thomas Carstensen <thomascarstensen@hotmail.com>
Thomas Dahl Pedersen <tdahl@diku.dk>
Thomas Gulmark <gulmus@vip.cybercity.dk>
Thomas Holby
Thomas Horsten <thomas@horsten.com>
Thomas Jørgensen <thomasj@superusers.dk>
Thomas Kæregaard
Thomas Kæregaard <thomas@kaeregaard.dk>
Thomas L. Kjeldsen
Thomas Mogensen <camelz@image.dk>
Thomas Rasmussen <simpsons@kom.auc.dk>
Thomas Riem <thomas_riem@hotmail.com>
Thomas Rokamp <mail@crax.dk>
Thomas Røntved <thomas@rontved.dk>
Thomas Widmann <viralbus@daimi.au.dk>
Thor Dreier <thor@dreier.nu>
Tim Hoffmann
Tine Langendorff
Tom Christensen <tomchris@image.dk>
tommi
Torben Drews
Torben KK
Torben Mogensen <torbenm@diku.dk>
Torben Pihler <torben.pihler@snedkeruddannelserne.dk>
Torben Scheel <tscheel@image.dk>
Torben Schou Jensen <tsj@bitnisse.dk>
Torin
Torin F. Jensen
torkil
Torsten
Torsten <torsten@nybro.dk>
Torsten Rasmussen <ertbjerg@imf.au.dk>
tove grauslund
tove grauslund <seg@vip.cybercity.dk>
Troels Hansen <idle@idle.dk>
Troels Liebe Bentsen <tlb@iname.com>
Troels Nordfalk <nordfalk@diku.dk>
Troels Pedersen
Troels Pedersen <troels_pedersen@altavista.com>
Tue Olesen
Tue Olesen <tueolesen@yahoo.com>
Ture Munter
Uffe B. Christiansen <emc-tek@vip.cybercity.dk>
Ulf Meisner-Jensen <umj@mail1.stofanet.dk>
Ulla Madsen <arche@mail.dk>
Ulrik
Ulrik Balslev
Ulrik Buchholtz
unknown
venstrup@mail1.stofanet.dk
Vibeke
Villy Feltmann <vif@lundbeck.com>
William Zahle Türck <williamturck@webzahle.dk>
Wulff
Zeeper
Ørris <oerris@mailandnews.com>
